{
    "diffusion_k": 0.01889747978557887,
    "sprayer_model_variance_num": 0.06186589070900024,
    "sprayer_lambda": 0,
    "regularization_lambda": 0.002
}